smart_5_raw,smart_9_raw,smart_187_raw,smart_188_raw,smart_197_raw,smart_198_raw,failure,prediction
0.0,71637.0,0.0,0.0,0.0,0.0,0,0
0.0,23017.0,0.0,0.0,0.0,0.0,0,0
0.0,40780.0,0.0,0.0,0.0,0.0,0,0
0.0,50828.0,0.0,0.0,0.0,0.0,0,0
141.0,39358.0,0.0,0.0,109.0,122.0,0,1
0.0,59157.0,0.0,0.0,0.0,0.0,0,0
0.0,72189.0,0.0,1.0,0.0,0.0,0,0
0.0,39158.0,0.0,0.0,0.0,0.0,0,0
0.0,10533.0,0.0,0.0,1.0,2.0,0,0
8.0,73895.0,0.0,0.0,0.0,0.0,0,0
0.0,40555.0,0.0,0.0,0.0,0.0,0,0
0.0,3266.0,0.0,0.0,0.0,0.0,0,0
0.0,43197.0,0.0,0.0,0.0,0.0,0,0
0.0,49148.0,0.0,0.0,0.0,0.0,0,0
0.0,39625.0,0.0,0.0,0.0,0.0,0,0
0.0,48109.0,0.0,0.0,0.0,0.0,0,0
0.0,72255.0,0.0,0.0,0.0,0.0,0,0
0.0,71013.0,0.0,0.0,0.0,0.0,0,0
0.0,41366.0,0.0,0.0,0.0,0.0,0,0
0.0,75.0,0.0,0.0,0.0,0.0,0,0
0.0,71604.0,0.0,0.0,0.0,0.0,0,0
160.0,76357.0,6.0,0.0,8.0,8.0,0,0
0.0,39868.0,0.0,0.0,0.0,0.0,0,0
0.0,76337.0,0.0,0.0,0.0,0.0,0,0
0.0,43251.0,0.0,0.0,0.0,0.0,0,0
0.0,3129.0,0.0,0.0,0.0,0.0,0,0
0.0,49050.0,0.0,0.0,0.0,0.0,0,0
0.0,72791.0,0.0,0.0,0.0,0.0,0,0
8.0,143.0,0.0,0.0,0.0,0.0,0,0
0.0,51329.0,0.0,0.0,0.0,0.0,0,0
0.0,51320.0,0.0,8590065666.0,0.0,0.0,0,0
0.0,49201.0,0.0,0.0,0.0,0.0,0,0
0.0,34185.0,0.0,0.0,0.0,0.0,0,0
0.0,73889.0,0.0,0.0,0.0,0.0,0,0
0.0,43189.0,0.0,0.0,0.0,0.0,0,0
0.0,40667.0,0.0,0.0,0.0,0.0,0,0
104.0,802.0,0.0,1.0,0.0,0.0,0,0
0.0,3177.0,0.0,0.0,0.0,0.0,0,0
0.0,43285.0,0.0,0.0,0.0,0.0,0,0
0.0,71592.0,0.0,0.0,0.0,0.0,0,0
0.0,51287.0,0.0,0.0,0.0,0.0,0,0
8.0,2510.0,7.0,0.0,24.0,24.0,0,0
0.0,75116.0,0.0,0.0,0.0,0.0,0,0
0.0,43627.0,0.0,0.0,0.0,0.0,0,0
0.0,49465.0,0.0,0.0,0.0,0.0,0,0
0.0,43245.0,0.0,0.0,0.0,0.0,0,0
0.0,72303.0,0.0,1.0,0.0,0.0,0,0
0.0,23987.0,0.0,0.0,680.0,79.0,0,1
0.0,40260.0,0.0,0.0,0.0,0.0,0,0
0.0,38780.0,0.0,0.0,0.0,0.0,0,0
0.0,39604.0,0.0,0.0,0.0,0.0,0,0
0.0,41465.0,0.0,0.0,0.0,0.0,0,0
0.0,10317.0,0.0,0.0,0.0,0.0,0,0
0.0,1699.0,0.0,0.0,0.0,0.0,0,0
0.0,3048.0,0.0,0.0,0.0,0.0,0,0
312.0,3868.0,0.0,0.0,0.0,0.0,0,0
0.0,51338.0,0.0,0.0,0.0,0.0,0,0
0.0,73043.0,0.0,0.0,0.0,0.0,0,0
16.0,75149.0,0.0,0.0,0.0,0.0,0,0
0.0,76266.0,0.0,0.0,0.0,0.0,0,0
0.0,3054.0,0.0,0.0,0.0,0.0,0,0
0.0,48102.0,0.0,0.0,0.0,0.0,0,0
0.0,48149.0,0.0,0.0,0.0,0.0,0,0
0.0,43541.0,0.0,0.0,0.0,0.0,0,0
0.0,77560.0,0.0,0.0,0.0,0.0,0,0
0.0,74850.0,0.0,0.0,0.0,0.0,0,0
0.0,2300.0,6.0,0.0,0.0,0.0,0,0
0.0,43481.0,0.0,0.0,0.0,0.0,0,0
0.0,72729.0,0.0,1.0,0.0,0.0,0,0
0.0,50745.0,0.0,0.0,0.0,0.0,1,0
0.0,49124.0,0.0,0.0,0.0,0.0,0,0
0.0,10514.0,0.0,0.0,0.0,0.0,0,0
2048.0,74876.0,369.0,0.0,0.0,0.0,1,1
0.0,37876.0,0.0,0.0,1.0,5.0,0,0
0.0,45608.0,0.0,0.0,0.0,0.0,0,0
0.0,73851.0,0.0,0.0,0.0,0.0,0,0
0.0,43567.0,0.0,0.0,0.0,0.0,0,0
8.0,71634.0,0.0,0.0,0.0,0.0,0,0
0.0,41536.0,0.0,0.0,0.0,0.0,0,0
0.0,38880.0,0.0,0.0,0.0,0.0,0,0
0.0,45283.0,0.0,0.0,0.0,0.0,0,0
0.0,74861.0,0.0,0.0,0.0,0.0,0,0
0.0,40681.0,0.0,0.0,0.0,0.0,0,0
0.0,21184.0,0.0,0.0,0.0,0.0,0,0
0.0,38850.0,0.0,0.0,0.0,0.0,0,0
0.0,39490.0,0.0,0.0,0.0,0.0,0,0
0.0,47312.0,0.0,1.0,0.0,0.0,0,0
0.0,40745.0,0.0,0.0,0.0,0.0,0,0
0.0,51404.0,5.0,8590065666.0,0.0,0.0,0,0
0.0,49058.0,0.0,0.0,0.0,0.0,0,0
0.0,49746.0,0.0,0.0,0.0,0.0,0,0
0.0,46428.0,0.0,0.0,0.0,0.0,0,0
0.0,58130.0,0.0,0.0,0.0,0.0,0,0
24.0,2238.0,0.0,0.0,0.0,0.0,0,0
0.0,39974.0,0.0,0.0,0.0,0.0,0,0
26840.0,49153.0,266.0,8590065666.0,128.0,128.0,0,1
0.0,44213.0,0.0,0.0,0.0,0.0,0,0
0.0,40755.0,0.0,0.0,0.0,0.0,0,0
0.0,40682.0,0.0,0.0,0.0,0.0,0,0
0.0,39670.0,0.0,0.0,0.0,0.0,0,0
0.0,44596.0,0.0,0.0,0.0,0.0,0,0
0.0,72710.0,0.0,0.0,0.0,0.0,0,0
0.0,16100.0,0.0,0.0,0.0,0.0,0,0
16.0,2355.0,1.0,0.0,0.0,0.0,0,1
0.0,46417.0,0.0,0.0,0.0,0.0,0,0
0.0,41873.0,0.0,0.0,0.0,0.0,0,0
33.0,73053.0,0.0,1.0,0.0,0.0,0,0
0.0,45236.0,0.0,0.0,0.0,0.0,0,0
0.0,38555.0,0.0,0.0,0.0,0.0,0,0
0.0,74806.0,0.0,0.0,0.0,0.0,0,0
0.0,41450.0,0.0,0.0,0.0,0.0,0,0
0.0,3865.0,0.0,0.0,0.0,0.0,0,0
0.0,39853.0,0.0,0.0,0.0,0.0,0,0
0.0,47207.0,0.0,0.0,0.0,0.0,0,0
0.0,43186.0,0.0,0.0,0.0,0.0,0,0
0.0,13487.0,2.0,0.0,48.0,48.0,0,0
0.0,3123.0,0.0,0.0,0.0,0.0,0,0
0.0,76231.0,0.0,0.0,0.0,0.0,0,0
0.0,73046.0,0.0,0.0,0.0,0.0,0,0
0.0,71627.0,0.0,0.0,0.0,0.0,0,0
0.0,49119.0,0.0,0.0,0.0,0.0,0,0
0.0,40750.0,0.0,0.0,0.0,0.0,0,0
0.0,46491.0,0.0,0.0,0.0,0.0,0,0
0.0,4076.0,0.0,0.0,0.0,0.0,0,0
0.0,47292.0,0.0,0.0,0.0,0.0,0,0
0.0,73913.0,0.0,0.0,0.0,0.0,0,0
0.0,49488.0,0.0,0.0,0.0,0.0,0,0
0.0,39845.0,0.0,0.0,0.0,0.0,0,0
0.0,17194.0,0.0,0.0,0.0,0.0,0,0
0.0,760.0,0.0,0.0,0.0,0.0,0,0
0.0,3044.0,0.0,1.0,0.0,0.0,0,0
64.0,73017.0,4.0,1.0,0.0,0.0,0,0
0.0,43536.0,0.0,0.0,0.0,0.0,0,0
0.0,40017.0,0.0,0.0,0.0,0.0,0,0
0.0,43520.0,0.0,0.0,0.0,0.0,0,0
0.0,41490.0,0.0,0.0,0.0,0.0,0,0
0.0,58159.0,0.0,0.0,0.0,0.0,0,0
0.0,39484.0,0.0,0.0,0.0,0.0,0,0
0.0,75105.0,0.0,0.0,0.0,0.0,0,0
0.0,154.0,0.0,0.0,0.0,0.0,0,0
0.0,45690.0,0.0,0.0,0.0,0.0,0,0
0.0,45232.0,0.0,0.0,0.0,0.0,0,0
0.0,46442.0,0.0,0.0,0.0,0.0,0,0
0.0,51847.0,0.0,0.0,0.0,0.0,0,0
17.0,76312.0,34.0,0.0,0.0,0.0,0,0
0.0,42955.0,0.0,0.0,0.0,0.0,0,0
0.0,59560.0,0.0,0.0,0.0,0.0,0,0
0.0,58204.0,0.0,0.0,0.0,0.0,0,0
0.0,70944.0,0.0,0.0,0.0,0.0,0,0
0.0,49690.0,0.0,0.0,0.0,0.0,0,0
0.0,47251.0,0.0,0.0,0.0,0.0,0,0
8.0,3250.0,0.0,0.0,0.0,0.0,0,0
0.0,21851.0,0.0,0.0,0.0,0.0,0,0
0.0,40724.0,0.0,0.0,0.0,1.0,0,0
0.0,3077.0,0.0,0.0,0.0,0.0,0,0
0.0,646.0,0.0,0.0,0.0,0.0,0,0
0.0,44244.0,0.0,0.0,0.0,0.0,0,0
0.0,45235.0,0.0,0.0,0.0,0.0,0,0
0.0,40679.0,0.0,0.0,0.0,0.0,0,0
0.0,38846.0,0.0,0.0,0.0,0.0,0,0
0.0,50771.0,0.0,0.0,0.0,0.0,0,0
0.0,43590.0,0.0,0.0,0.0,0.0,0,0
0.0,41545.0,0.0,0.0,0.0,0.0,0,0
0.0,38013.0,0.0,0.0,0.0,0.0,0,0
0.0,46413.0,0.0,0.0,0.0,0.0,0,0
0.0,49436.0,0.0,0.0,0.0,0.0,0,0
0.0,72809.0,0.0,0.0,0.0,0.0,0,0
0.0,75458.0,0.0,0.0,0.0,0.0,0,0
0.0,75169.0,0.0,0.0,0.0,0.0,0,0
0.0,43564.0,0.0,0.0,0.0,0.0,0,0
0.0,21496.0,0.0,0.0,0.0,0.0,0,0
32.0,77552.0,0.0,0.0,0.0,0.0,0,0
0.0,76335.0,0.0,0.0,0.0,0.0,0,0
0.0,49431.0,0.0,0.0,0.0,0.0,0,0
0.0,38863.0,0.0,0.0,0.0,0.0,0,0
0.0,40722.0,0.0,0.0,0.0,0.0,0,0
0.0,41436.0,0.0,0.0,0.0,0.0,0,0
0.0,41512.0,0.0,0.0,0.0,0.0,0,0
8.0,73090.0,0.0,0.0,0.0,0.0,0,0
0.0,48103.0,0.0,0.0,0.0,0.0,0,0
0.0,3854.0,0.0,0.0,0.0,0.0,0,0
0.0,48142.0,0.0,0.0,0.0,0.0,0,0
0.0,3124.0,0.0,0.0,0.0,0.0,0,0
16.0,71649.0,0.0,0.0,0.0,0.0,0,0
0.0,49443.0,0.0,0.0,0.0,0.0,0,0
0.0,49387.0,0.0,0.0,0.0,0.0,0,0
0.0,43293.0,0.0,0.0,0.0,0.0,0,0
0.0,38515.0,0.0,0.0,0.0,0.0,0,0
0.0,40714.0,0.0,0.0,0.0,0.0,0,0
0.0,47214.0,0.0,0.0,0.0,0.0,0,0
0.0,42876.0,0.0,0.0,0.0,0.0,0,0
0.0,72986.0,0.0,0.0,0.0,0.0,0,0
0.0,75142.0,0.0,0.0,0.0,0.0,0,0
1.0,3870.0,0.0,0.0,0.0,0.0,0,0
0.0,2498.0,3.0,0.0,0.0,0.0,0,0
0.0,70955.0,0.0,0.0,0.0,0.0,0,0
0.0,75053.0,0.0,0.0,0.0,0.0,0,0
0.0,70966.0,0.0,0.0,0.0,0.0,0,0
0.0,48141.0,0.0,0.0,0.0,0.0,0,0
0.0,73943.0,0.0,0.0,0.0,0.0,0,0
0.0,3873.0,0.0,1.0,0.0,0.0,0,0
0.0,46387.0,0.0,0.0,0.0,0.0,0,0
0.0,46425.0,0.0,0.0,0.0,0.0,0,0
